path,previous_last_commit,age_days_at_audit,size_before_bytes,sha256_before,sha256_after,status,changes_content,review_notes
COPYING,2015-07-30T22:17:27-05:00,4087,35147,8ceb4b9ee5adedde47b31e975c1d90c73ad27b6b165a1dcd80c7c545eb65b903,8ceb4b9ee5adedde47b31e975c1d90c73ad27b6b165a1dcd80c7c545eb65b903,preserved_license,no,GPL legal text must not be edited to refresh timestamps.
definitions/passwordfields.lst,2015-07-30T22:17:27-05:00,4087,1010,15bd5625427410bc0a590131bb0dbd3c917d783b2957b90ad0211e973e2d227c,15bd5625427410bc0a590131bb0dbd3c917d783b2957b90ad0211e973e2d227c,preserved_raw_lookup_data,no,List is read as raw data and a comment could become an unintended entry.
definitions/usernamefields.lst,2015-07-30T22:17:27-05:00,4087,1169,7fd896979406f6edc219886465b51c0b51be1f5ae3bcc4abc3f62012c6a12352,7fd896979406f6edc219886465b51c0b51be1f5ae3bcc4abc3f62012c6a12352,preserved_raw_lookup_data,no,List is read as raw data and a comment could become an unintended entry.
lock.ico,2015-07-30T22:17:27-05:00,4087,1150,8da36fbeb3072e08f9ea880ba198599e9676ef99844fdec9cca7dbf2c8096edc,8da36fbeb3072e08f9ea880ba198599e9676ef99844fdec9cca7dbf2c8096edc,preserved_binary,no,Binary or non-UTF8 resource; one-line changes would corrupt content.
modules/db,2015-07-30T22:17:27-05:00,4087,0,e3b0c44298fc1c149afbf4c8996fb92427ae41e4649b934ca495991b7852b855,e3b0c44298fc1c149afbf4c8996fb92427ae41e4649b934ca495991b7852b855,preserved_empty_placeholder,no,Empty historical placeholder retained without fabricated data.
modules/httpcodeinjection/httpcodeinjection.rc,2015-07-30T22:17:27-05:00,4087,97,59108fec347bd1240a8c0b5800a81ae7444138d795a10aaddc9d501568869727,59108fec347bd1240a8c0b5800a81ae7444138d795a10aaddc9d501568869727,preserved_active_legacy_payload,no,Old active network payload/configuration; avoid blind executable changes.
modules/httpcodeinjection/inject.x,2015-07-30T22:17:27-05:00,4087,12,b68bb07fbb2dcdb35f959a6ba3a62e07478c48c511fa3753a919834b71e09dcf,b68bb07fbb2dcdb35f959a6ba3a62e07478c48c511fa3753a919834b71e09dcf,preserved_active_legacy_payload,no,Old active network payload/configuration; avoid blind executable changes.
sslstrip/clientip,2015-07-30T22:17:27-05:00,4087,13,e26fa53adae430494fabd8575b6d91a55756f8962880756abec51a2f4d6abe3e,e26fa53adae430494fabd8575b6d91a55756f8962880756abec51a2f4d6abe3e,preserved_active_legacy_payload,no,Old active network payload/configuration; avoid blind executable changes.
sslstrip/db,2015-07-30T22:17:27-05:00,4087,0,e3b0c44298fc1c149afbf4c8996fb92427ae41e4649b934ca495991b7852b855,e3b0c44298fc1c149afbf4c8996fb92427ae41e4649b934ca495991b7852b855,preserved_empty_placeholder,no,Empty historical placeholder retained without fabricated data.
sslstrip/sslstrip,2015-07-30T22:17:27-05:00,4087,4066,7fa5d9004499f8728a271be1f91c956fc27224775b4507bbf6397e64f11e3244,7fa5d9004499f8728a271be1f91c956fc27224775b4507bbf6397e64f11e3244,preserved_third_party_source,no,Third-party source; original licence/provenance retained for independent review.
subterfuge.conf,2015-09-11T14:04:58-05:00,4045,882,543b27baf9edbb42da5958207b488d00983e20d3c5ee639f1dae95842b50cfc9,68fa282db60c54f1bb6b632059edd9a9bbeff120f6766845879be3aa4b5f49ac,annotated_legacy_config_or_launcher,yes,Old first-party reference/sample; non-executing deprecation comment only.
templates/._home.ext,2015-07-30T22:17:27-05:00,4087,4096,db1ce682d6e52cfd27f77b32af91c3847a53337080c0d3281371e549f1adbff5,,removed_obsolete_appledouble,yes,"Unreferenced AppleDouble macOS resource-fork metadata (4096 B), not real source/image. Removed from current branch; recoverable from Git history."
templates/._netview.ext,2015-07-30T22:17:27-05:00,4087,4096,1c1c5022d9708869f77a170268e3e68e16fac4a4fdae5579b2bb20ccc7c62256,,removed_obsolete_appledouble,yes,"Unreferenced AppleDouble macOS resource-fork metadata (4096 B), not real source/image. Removed from current branch; recoverable from Git history."
templates/basic.tm,2015-07-30T22:17:27-05:00,4087,465,37dc65bc854f45aa3490adefc14c3d9b689a5b37282990796282661917bfb755,a3e99dda16a87dda835d4e3494ae0e0670041cf329fef49b5347bead2c7c6c9a,annotated_legacy_template,yes,First-party archived Django template; non-executing status comment. Not a functional port.
templates/css/._main.css,2015-07-30T22:17:27-05:00,4087,4096,24ff500a33e1fa39e19709ea4f1bef3f9e1da912c052b95ec9c5f252661e4110,,removed_obsolete_appledouble,yes,"Unreferenced AppleDouble macOS resource-fork metadata (4096 B), not real source/image. Removed from current branch; recoverable from Git history."
templates/domtab/index.html,2015-07-30T22:17:27-05:00,4087,9512,6371b3ada552b2581a3a44b48c7dbea5700a16b05a3b72b1182c3e33c78c569f,6371b3ada552b2581a3a44b48c7dbea5700a16b05a3b72b1182c3e33c78c569f,preserved_third_party_source,no,Third-party source; original licence/provenance retained for independent review.
templates/home.ext,2015-09-29T00:08:27-04:00,4027,12915,93ea7777a9b81c4fbf17029546963d8502c75943aa0791c469d09c2b5b6b7dc9,4ff9fd73e10b58c90984a97e2a373883478ae23a619e87d8cd70add0726c784a,annotated_legacy_template,yes,First-party archived Django template; non-executing status comment. Not a functional port.
templates/images/._down copy 2.png,2015-07-30T22:17:27-05:00,4087,4096,e6a28ceef572e7afaa5fefca5ef3fa76a1cd163eebcdac379470e8f77d9c5db8,,removed_obsolete_appledouble,yes,"Unreferenced AppleDouble macOS resource-fork metadata (4096 B), not real source/image. Removed from current branch; recoverable from Git history."
templates/images/._down copy.png,2015-07-30T22:17:27-05:00,4087,4096,a8989b9176fd8de352d5f7ab556e43318497b02aff7a23b58f5c097a8775b44b,,removed_obsolete_appledouble,yes,"Unreferenced AppleDouble macOS resource-fork metadata (4096 B), not real source/image. Removed from current branch; recoverable from Git history."
templates/images/._down.png,2015-07-30T22:17:27-05:00,4087,4096,1fc4c25529f8baefd09f2ad2e0ddfbb0b0032ddfbf1e951191b1aaa775563f4f,,removed_obsolete_appledouble,yes,"Unreferenced AppleDouble macOS resource-fork metadata (4096 B), not real source/image. Removed from current branch; recoverable from Git history."
templates/images/TranspFills/transpBlack10.png,2015-07-30T22:17:27-05:00,4087,166,97bf5df2725537555d5e7daeacbf607b77f00b97cf2e2abf7bfda1b2a823fc73,97bf5df2725537555d5e7daeacbf607b77f00b97cf2e2abf7bfda1b2a823fc73,preserved_binary,no,Binary or non-UTF8 resource; one-line changes would corrupt content.
templates/images/TranspFills/transpBlack25.png,2015-07-30T22:17:27-05:00,4087,166,a7bb31ada9768e9901f235d2866ba191ab9596b49002ac5322ac228977e1bdf4,a7bb31ada9768e9901f235d2866ba191ab9596b49002ac5322ac228977e1bdf4,preserved_binary,no,Binary or non-UTF8 resource; one-line changes would corrupt content.
templates/images/TranspFills/transpBlack50.png,2015-07-30T22:17:27-05:00,4087,165,ba460973b9927f8bbbfc6bbdf22ae56d57f7f6ce48906cd58789d97b3b592ccb,ba460973b9927f8bbbfc6bbdf22ae56d57f7f6ce48906cd58789d97b3b592ccb,preserved_binary,no,Binary or non-UTF8 resource; one-line changes would corrupt content.
templates/images/TranspFills/transpBlack75.png,2015-07-30T22:17:27-05:00,4087,166,f52b1d9da25ece2ba4a1e6add1a4a2cf8ba9851b21c8d00dd6a6e02605ee2a99,f52b1d9da25ece2ba4a1e6add1a4a2cf8ba9851b21c8d00dd6a6e02605ee2a99,preserved_binary,no,Binary or non-UTF8 resource; one-line changes would corrupt content.
templates/images/TranspFills/transpBlack90.png,2015-07-30T22:17:27-05:00,4087,166,aae14e87a622e5600280536f4f231ebf40d564ba2987fd39b3b8856b7a89bddb,aae14e87a622e5600280536f4f231ebf40d564ba2987fd39b3b8856b7a89bddb,preserved_binary,no,Binary or non-UTF8 resource; one-line changes would corrupt content.
templates/images/TranspFills/transpBlue10.png,2015-07-30T22:17:27-05:00,4087,170,b8a7371006e7867ebc771a14be8c9c80abfe31646b6ddf666aed3cea8ef4d259,b8a7371006e7867ebc771a14be8c9c80abfe31646b6ddf666aed3cea8ef4d259,preserved_binary,no,Binary or non-UTF8 resource; one-line changes would corrupt content.
templates/images/TranspFills/transpBlue25.png,2015-07-30T22:17:27-05:00,4087,170,af6ed261d75f2d2327cabf10e7f8e76fa951e62974e0416ccb09c724b71b9997,af6ed261d75f2d2327cabf10e7f8e76fa951e62974e0416ccb09c724b71b9997,preserved_binary,no,Binary or non-UTF8 resource; one-line changes would corrupt content.
templates/images/TranspFills/transpBlue50.png,2015-07-30T22:17:27-05:00,4087,170,b60b7d8ce0168487acc3476f12898897a2786ca355be6d818ec749017c9929d6,b60b7d8ce0168487acc3476f12898897a2786ca355be6d818ec749017c9929d6,preserved_binary,no,Binary or non-UTF8 resource; one-line changes would corrupt content.
templates/images/TranspFills/transpBlue75.png,2015-07-30T22:17:27-05:00,4087,170,59846771ced14572ca1899fd60b3bf8672d324b54c0eb929fb0d8157ecd31e0c,59846771ced14572ca1899fd60b3bf8672d324b54c0eb929fb0d8157ecd31e0c,preserved_binary,no,Binary or non-UTF8 resource; one-line changes would corrupt content.
templates/images/TranspFills/transpBlue90.png,2015-07-30T22:17:27-05:00,4087,170,51066847f9d31a68f9ed3dc4232c138ce61b9957d508e0cdd9295490fc5c1403,51066847f9d31a68f9ed3dc4232c138ce61b9957d508e0cdd9295490fc5c1403,preserved_binary,no,Binary or non-UTF8 resource; one-line changes would corrupt content.
templates/images/activity.gif,2015-07-30T22:17:27-05:00,4087,7247,54d7a35e6cfa26b80ed30a76494518c2510bffc6782923d9c12347d50492c33f,54d7a35e6cfa26b80ed30a76494518c2510bffc6782923d9c12347d50492c33f,preserved_binary,no,Binary or non-UTF8 resource; one-line changes would corrupt content.
templates/images/black_arrow.png,2015-07-30T22:17:27-05:00,4087,2129,3b318a4a90981bf363523fff4ba56e79e907a3ebc64b90d491f91cc3c1b16b6c,3b318a4a90981bf363523fff4ba56e79e907a3ebc64b90d491f91cc3c1b16b6c,preserved_binary,no,Binary or non-UTF8 resource; one-line changes would corrupt content.
templates/images/down copy 2.png,2015-07-30T22:17:27-05:00,4087,2936,02db6421d439c780f6a4f0335ea0bff3fee0747affafc64d59d5676496039a8f,02db6421d439c780f6a4f0335ea0bff3fee0747affafc64d59d5676496039a8f,preserved_binary,no,Binary or non-UTF8 resource; one-line changes would corrupt content.
templates/images/down copy.png,2015-07-30T22:17:27-05:00,4087,2936,02db6421d439c780f6a4f0335ea0bff3fee0747affafc64d59d5676496039a8f,02db6421d439c780f6a4f0335ea0bff3fee0747affafc64d59d5676496039a8f,preserved_binary,no,Binary or non-UTF8 resource; one-line changes would corrupt content.
templates/images/down.png,2015-07-30T22:17:27-05:00,4087,2936,02db6421d439c780f6a4f0335ea0bff3fee0747affafc64d59d5676496039a8f,02db6421d439c780f6a4f0335ea0bff3fee0747affafc64d59d5676496039a8f,preserved_binary,no,Binary or non-UTF8 resource; one-line changes would corrupt content.
templates/images/expand.png,2015-09-29T00:08:27-04:00,4027,6117,fd92654e6a1c04688cdc05e0baba1bfd9f571fa29ebc8846a853297bad530ed7,fd92654e6a1c04688cdc05e0baba1bfd9f571fa29ebc8846a853297bad530ed7,preserved_binary,no,Binary or non-UTF8 resource; one-line changes would corrupt content.
templates/images/help.png,2015-07-30T22:17:27-05:00,4087,100846,375b3d1fda51dfee9909e6be07a63306c4d20803ea86a05a5a69e5899c7fc28a,375b3d1fda51dfee9909e6be07a63306c4d20803ea86a05a5a69e5899c7fc28a,preserved_binary,no,Binary or non-UTF8 resource; one-line changes would corrupt content.
templates/images/loader.gif,2015-07-30T22:17:27-05:00,4087,10819,04ded4f519657fb55969c8e71a22eb64f9435b54ed949772e0706d5ee9ddc7d3,04ded4f519657fb55969c8e71a22eb64f9435b54ed949772e0706d5ee9ddc7d3,preserved_binary,no,Binary or non-UTF8 resource; one-line changes would corrupt content.
templates/images/logo.png,2015-07-30T22:17:27-05:00,4087,2838377,29838b01b988a009cb0407bc80fa6214c53332c25fccf5d602f6cc8d2eb77280,29838b01b988a009cb0407bc80fa6214c53332c25fccf5d602f6cc8d2eb77280,preserved_binary,no,Binary or non-UTF8 resource; one-line changes would corrupt content.
templates/images/menu.png,2015-07-30T22:17:27-05:00,4087,4074,f4185d176d59b1e66352d74240a72665e3001062ab6f8b462f46d1f131ec1986,f4185d176d59b1e66352d74240a72665e3001062ab6f8b462f46d1f131ec1986,preserved_binary,no,Binary or non-UTF8 resource; one-line changes would corrupt content.
templates/images/netview/green.png,2015-07-30T22:17:27-05:00,4087,21016,3e23cf03d08b210612c60a9ec7c89509e639d14a71db8fac2e733133247d34fd,3e23cf03d08b210612c60a9ec7c89509e639d14a71db8fac2e733133247d34fd,preserved_binary,no,Binary or non-UTF8 resource; one-line changes would corrupt content.
templates/images/netview/lnx.png,2015-07-30T22:17:27-05:00,4087,11128,d4aebbafd91a798bc545d3f2523b0c083e67a8bee3cba7be473af8a30362f648,d4aebbafd91a798bc545d3f2523b0c083e67a8bee3cba7be473af8a30362f648,preserved_binary,no,Binary or non-UTF8 resource; one-line changes would corrupt content.
templates/images/netview/osx.png,2015-07-30T22:17:27-05:00,4087,15469,7da09407f2aa796cb7de656e0ac66bfbbe22ad0f838cae593dceba3441230cee,7da09407f2aa796cb7de656e0ac66bfbbe22ad0f838cae593dceba3441230cee,preserved_binary,no,Binary or non-UTF8 resource; one-line changes would corrupt content.
templates/images/netview/red.png,2015-07-30T22:17:27-05:00,4087,20569,94d6ff7e28e5ae79894cfcd3320247b9664a7eda6e04ba47263d29021fbda5bc,94d6ff7e28e5ae79894cfcd3320247b9664a7eda6e04ba47263d29021fbda5bc,preserved_binary,no,Binary or non-UTF8 resource; one-line changes would corrupt content.
templates/images/netview/unknown.png,2015-07-30T22:17:27-05:00,4087,20858,5f91a87cbaa49be99acdf179b958aea8a0765f85d1f452f781b0f618e5241b8f,5f91a87cbaa49be99acdf179b958aea8a0765f85d1f452f781b0f618e5241b8f,preserved_binary,no,Binary or non-UTF8 resource; one-line changes would corrupt content.
templates/images/netview/win.png,2015-07-30T22:17:27-05:00,4087,20281,cc73abcedd6db43b43df0ad9eb30826486723cb5bec8ae7478c7e455df3e1ece,cc73abcedd6db43b43df0ad9eb30826486723cb5bec8ae7478c7e455df3e1ece,preserved_binary,no,Binary or non-UTF8 resource; one-line changes would corrupt content.
templates/images/notify.png,2015-07-30T22:17:27-05:00,4087,3338,edb4aab6d820c59fc82e2207fed23d787e3b8c5c9c1c8c3bb3658bad38aa10eb,edb4aab6d820c59fc82e2207fed23d787e3b8c5c9c1c8c3bb3658bad38aa10eb,preserved_binary,no,Binary or non-UTF8 resource; one-line changes would corrupt content.
templates/images/panel.jpg,2015-07-30T22:17:27-05:00,4087,430,d45366b33d8d24667666b598f89a3ba5c16b3aa22d9f02ed9a3c299f10b60338,d45366b33d8d24667666b598f89a3ba5c16b3aa22d9f02ed9a3c299f10b60338,preserved_binary,no,Binary or non-UTF8 resource; one-line changes would corrupt content.
templates/images/panelsmall.png,2015-07-30T22:17:27-05:00,4087,342,496e090ea9973e945a2373e5a7a217bbebf592328c574ee8a8fd83dc1eadafb2,496e090ea9973e945a2373e5a7a217bbebf592328c574ee8a8fd83dc1eadafb2,preserved_binary,no,Binary or non-UTF8 resource; one-line changes would corrupt content.
templates/images/plugins/builder.png,2015-07-30T22:17:27-05:00,4087,66822,aa4d428f217013a91d77c7031546de8226291fc6f7378a7a547e863422483b8b,aa4d428f217013a91d77c7031546de8226291fc6f7378a7a547e863422483b8b,preserved_binary,no,Binary or non-UTF8 resource; one-line changes would corrupt content.
templates/images/plugins/dos.png,2015-07-30T22:17:27-05:00,4087,31425,088abb673ed75c80cfb2f0a2a29024731b16a852dc63a26c5e1fd90376fb22ba,088abb673ed75c80cfb2f0a2a29024731b16a852dc63a26c5e1fd90376fb22ba,preserved_binary,no,Binary or non-UTF8 resource; one-line changes would corrupt content.
templates/images/plugins/evilgrade.png,2015-07-30T22:17:27-05:00,4087,25416,9fc029fdce2296d9d306195496ea8c6d005d71fa28aff6e34bd44fa6b3c94d7b,9fc029fdce2296d9d306195496ea8c6d005d71fa28aff6e34bd44fa6b3c94d7b,preserved_binary,no,Binary or non-UTF8 resource; one-line changes would corrupt content.
templates/images/plugins/harvester.png,2015-07-30T22:17:27-05:00,4087,26148,a893a6ca6b78c2d27dda6a96029d5c821f2ccebae9733119721d14533b16a69f,a893a6ca6b78c2d27dda6a96029d5c821f2ccebae9733119721d14533b16a69f,preserved_binary,no,Binary or non-UTF8 resource; one-line changes would corrupt content.
templates/images/plugins/hijacking.png,2015-07-30T22:17:27-05:00,4087,7120,dfe88a428b34e4544982e28bd53dda3f54dfd6d4b7d96e693444c08adaff9c3d,dfe88a428b34e4544982e28bd53dda3f54dfd6d4b7d96e693444c08adaff9c3d,preserved_binary,no,Binary or non-UTF8 resource; one-line changes would corrupt content.
templates/images/plugins/httpcodeinjection.png,2015-07-30T22:17:27-05:00,4087,5589,f4d38da9420d4bfd521269ad37ee9d8a923b07b6a500bef3322fefe8962c31ae,f4d38da9420d4bfd521269ad37ee9d8a923b07b6a500bef3322fefe8962c31ae,preserved_binary,no,Binary or non-UTF8 resource; one-line changes would corrupt content.
templates/images/plugins/injection.png,2015-07-30T22:17:27-05:00,4087,5589,f4d38da9420d4bfd521269ad37ee9d8a923b07b6a500bef3322fefe8962c31ae,f4d38da9420d4bfd521269ad37ee9d8a923b07b6a500bef3322fefe8962c31ae,preserved_binary,no,Binary or non-UTF8 resource; one-line changes would corrupt content.
templates/images/plugins/netview.png,2015-07-30T22:17:27-05:00,4087,5364,d774c2c84541c867472234eaf78fedde8e9aea7658a3f78f07c687b64ed9726b,d774c2c84541c867472234eaf78fedde8e9aea7658a3f78f07c687b64ed9726b,preserved_binary,no,Binary or non-UTF8 resource; one-line changes would corrupt content.
templates/images/plugins/tunnelblock.png,2015-07-30T22:17:27-05:00,4087,77935,94fc17099be6883d4d4b8737933f64e68af80eeb1adbaa4e1838d9a3fe97b6e1,94fc17099be6883d4d4b8737933f64e68af80eeb1adbaa4e1838d9a3fe97b6e1,preserved_binary,no,Binary or non-UTF8 resource; one-line changes would corrupt content.
templates/images/redbuttonbg.png,2015-07-30T22:17:27-05:00,4087,256,099f12fae4f4ae20430d523e4c6b303a9f4d197a4c8a0f344cf785ef73aa4d45,099f12fae4f4ae20430d523e4c6b303a9f4d197a4c8a0f344cf785ef73aa4d45,preserved_binary,no,Binary or non-UTF8 resource; one-line changes would corrupt content.
templates/images/subterfugebg.jpg,2015-09-27T15:55:17-04:00,4029,352295,986200c02b175ec2435fea5a1bba47512501876389813a8729abfaafa81eb54c,986200c02b175ec2435fea5a1bba47512501876389813a8729abfaafa81eb54c,preserved_binary,no,Binary or non-UTF8 resource; one-line changes would corrupt content.
templates/images/title.png,2015-07-30T22:17:27-05:00,4087,15636,b058c3532dcc0880e97c1ef72e0085a1eb503100a872fa5eb2642660e639ca64,b058c3532dcc0880e97c1ef72e0085a1eb503100a872fa5eb2642660e639ca64,preserved_binary,no,Binary or non-UTF8 resource; one-line changes would corrupt content.
templates/images/transpBlack75.png,2015-07-30T22:17:27-05:00,4087,166,f52b1d9da25ece2ba4a1e6add1a4a2cf8ba9851b21c8d00dd6a6e02605ee2a99,f52b1d9da25ece2ba4a1e6add1a4a2cf8ba9851b21c8d00dd6a6e02605ee2a99,preserved_binary,no,Binary or non-UTF8 resource; one-line changes would corrupt content.
templates/images/transpBlue50.png,2015-07-30T22:17:27-05:00,4087,170,b60b7d8ce0168487acc3476f12898897a2786ca355be6d818ec749017c9929d6,b60b7d8ce0168487acc3476f12898897a2786ca355be6d818ec749017c9929d6,preserved_binary,no,Binary or non-UTF8 resource; one-line changes would corrupt content.
templates/images/transpBlue90.png,2015-07-30T22:17:27-05:00,4087,170,51066847f9d31a68f9ed3dc4232c138ce61b9957d508e0cdd9295490fc5c1403,51066847f9d31a68f9ed3dc4232c138ce61b9957d508e0cdd9295490fc5c1403,preserved_binary,no,Binary or non-UTF8 resource; one-line changes would corrupt content.
templates/includes/._credtable.inc,2015-07-30T22:17:27-05:00,4087,4096,711dd854b3fbe4e3cf890fb7755cd8f3f1ab15ef40cb1df3a64af21e79568eca,,removed_obsolete_appledouble,yes,"Unreferenced AppleDouble macOS resource-fork metadata (4096 B), not real source/image. Removed from current branch; recoverable from Git history."
templates/includes/._netview.inc,2015-07-30T22:17:27-05:00,4087,4096,5f1879ffd18dd829911efda19dab5822815d851165608a6c34df035764d8cf00,,removed_obsolete_appledouble,yes,"Unreferenced AppleDouble macOS resource-fork metadata (4096 B), not real source/image. Removed from current branch; recoverable from Git history."
templates/includes/credtable.inc,2015-09-29T00:08:27-04:00,4027,5002,b938da6640a71c9c1c6322c9fb093b5a6e7b11d8845c4e6084e74bd73c608479,4866caa148f52528c1a3eaf19e2ce183dbcd8c9ecca8e6f813be56e8bda5e845,annotated_legacy_template,yes,First-party archived Django template; non-executing status comment. Not a functional port.
templates/includes/footer.inc,2015-07-30T22:17:27-05:00,4087,232,b122ab242d92d071d2167a09aee606c152326c5fa1055576f296d04c10f5f187,36ab15aac6537b690119447ab42b24b6ce63058f020627ea982ae3cf62f3285c,annotated_legacy_template,yes,First-party archived Django template; non-executing status comment. Not a functional port.
templates/includes/header.inc,2015-07-30T22:17:27-05:00,4087,7519,7bf263b1bbb08be4d638389ba3c8e3f9cbc743cf40a3d44deb4bdf7f1ab87b2b,44eb80e83deb94cf02430c9d705b13c991765b66c49664d44cc350a33c9dd4f7,annotated_legacy_template,yes,First-party archived Django template; non-executing status comment. Not a functional port.
templates/includes/hostcheck.inc,2015-07-30T22:17:27-05:00,4087,12551,a909ae81c5ec980ec304662772780715dfb35a661dc27aeab4233265999acea8,c7f550002b38d4ff2dd09749572f786de0e0a4a0e96b2b19e91c31fcce20c564,annotated_legacy_template,yes,First-party archived Django template; non-executing status comment. Not a functional port.
templates/includes/nav.inc,2015-07-30T22:17:27-05:00,4087,1456,784282dccb4b5e4f4a2facf5626e287f5e974cb5ac8ea5aa6b32d4289ca8eb8a,ea34cd383819c9042024d6e5a34280e28459fe67d14f08ff9a31970ecf445d45,annotated_legacy_template,yes,First-party archived Django template; non-executing status comment. Not a functional port.
templates/includes/netview.inc,2015-07-30T22:17:27-05:00,4087,5935,bca403c9f91a2eba38149ca812a25bddaa377d8079f3bdbb7e20d0e2c5631423,a12e6dafb4ff4a044ca33086581dcfc339adc793d246960a2335846f0febfe65,annotated_legacy_template,yes,First-party archived Django template; non-executing status comment. Not a functional port.
templates/includes/notificationtable.inc,2015-07-30T22:17:27-05:00,4087,1069,b74fc486aac7d3589b12ceafac8a1287f3f7ad51b4d9f42f8625a758ccd47e86,199acc45cf143e287f8ea065584888ec1f5bd44cf4acfa69b2350f7bd6bf3600,annotated_legacy_template,yes,First-party archived Django template; non-executing status comment. Not a functional port.
templates/js/jquery-ui.js,2015-07-30T22:17:27-05:00,4087,448331,b57bb2b666a44ed5dee8d08382878f05788a7b5801f95037c51bf206cfecabde,b57bb2b666a44ed5dee8d08382878f05788a7b5801f95037c51bf206cfecabde,preserved_third_party_source,no,Third-party source; original licence/provenance retained for independent review.
templates/mod.ext,2015-07-30T22:17:27-05:00,4087,262,ef16abe3469e383d2cf3fdb6e806fcf65a618ea84066e1bf2329c3e2f33c1d53,59fcefe5938d2ba0193167b783ef0b6efa5a4b71f8d8b8539763db9e42f717f5,annotated_legacy_template,yes,First-party archived Django template; non-executing status comment. Not a functional port.
templates/mods/builder.mod,2015-07-30T22:17:27-05:00,4087,532,cf5286912ac88adfb4fab7dd8c5bb1cfd9e81c3a9b4e22272a554932f4fd7a08,e158b099448f77253cf563f93f2c5db53498664eaa9dea89fa69bdcd66c94066,annotated_legacy_template,yes,First-party archived Django template; non-executing status comment. Not a functional port.
templates/mods/builder_page.mod,2015-07-30T22:17:27-05:00,4087,3131,15d7d4144e9baab5248d12487b712a497b653976881c2e9497e7f69e2356c193,b1783f90c5b7bc974c3fcbd6f21489fdd9040921077cce8aed870d606c837260,annotated_legacy_template,yes,First-party archived Django template; non-executing status comment. Not a functional port.
templates/mods/builder_settings.mod,2015-07-30T22:17:27-05:00,4087,264,808e0cf7f5ab2606c535a59036450a94cead688baad4a49aa4bef90e4d305a95,52da8978c53d7c0ab7ee759eef9655953e53da6f63b8d6544c2b0a15d02887ac,annotated_legacy_template,yes,First-party archived Django template; non-executing status comment. Not a functional port.
templates/mods/default.mod,2015-07-30T22:17:27-05:00,4087,532,cf5286912ac88adfb4fab7dd8c5bb1cfd9e81c3a9b4e22272a554932f4fd7a08,e158b099448f77253cf563f93f2c5db53498664eaa9dea89fa69bdcd66c94066,annotated_legacy_template,yes,First-party archived Django template; non-executing status comment. Not a functional port.
templates/mods/default_settings.mod,2015-07-30T22:17:27-05:00,4087,264,808e0cf7f5ab2606c535a59036450a94cead688baad4a49aa4bef90e4d305a95,52da8978c53d7c0ab7ee759eef9655953e53da6f63b8d6544c2b0a15d02887ac,annotated_legacy_template,yes,First-party archived Django template; non-executing status comment. Not a functional port.
templates/mods/dos.mod,2015-07-30T22:17:27-05:00,4087,468,7f8d17add09336a91b1c4b05ee70c016bd72df8b6613101f7026e5f7168894ec,f3523423b908d6ae46631bf1b5d20b0a156401aab0f778ae84e55b1dca248b07,annotated_legacy_template,yes,First-party archived Django template; non-executing status comment. Not a functional port.
templates/mods/dos_settings.mod,2015-07-30T22:17:27-05:00,4087,355,6b332caaa8a3ee1900c33421ebf855f13b74a116df1609aa23f792062a5807fa,8a1d879e0837a7dd114f821bc17b74e3010bf3de07149add9eff7235a4c75b65,annotated_legacy_template,yes,First-party archived Django template; non-executing status comment. Not a functional port.
templates/mods/harvester.mod,2015-07-30T22:17:27-05:00,4087,539,d2117fa2c0fdd7e6bd313ee44de958038471004783a47b2525f47066c2e824f3,d8d2a8d782eb6a340fe16b71ffad1bc4cd85a26e67c173f256c1fc2fbeaf169f,annotated_legacy_template,yes,First-party archived Django template; non-executing status comment. Not a functional port.
templates/mods/harvester_settings.mod,2015-07-30T22:17:27-05:00,4087,332,4f9f158581452a7e040b664ac81b1ed55a47979b7c8d60321325f97f5eeab5cd,da55c4a5fcc2012f793d012751a7c3c28237d6b7907701f42fc85b8ad37d62f9,annotated_legacy_template,yes,First-party archived Django template; non-executing status comment. Not a functional port.
templates/mods/netview.mod,2015-07-30T22:17:27-05:00,4087,487,ebe3875337579c12ff3e9345679a1a101f1ce856a43f3d34665abc086fbf4088,b9c7d7f987266192f49eb40f4f9b8002c4e2d37740eac80e86efb4ebcbd4ee49,annotated_legacy_template,yes,First-party archived Django template; non-executing status comment. Not a functional port.
templates/mods/netview_settings.mod,2015-07-30T22:17:27-05:00,4087,250,4e7dd814e9f1de0d295644ebb001c4c6c4d7caa134495bf96fffe7e3db444c23,83eefe9bf7dccbf19954f84591d71acbc13cff6955c8c3dc31ee1fb300039d92,annotated_legacy_template,yes,First-party archived Django template; non-executing status comment. Not a functional port.
templates/mods/tunnelblock.mod,2015-07-30T22:17:27-05:00,4087,540,7f08c5f9f9869160993988fb1e90706ca9331453b47137ba07ad914a45c60b7f,27a1957e0f5d72f935c9f888317c609934c5323939430ef6f07e711527f352fe,annotated_legacy_template,yes,First-party archived Django template; non-executing status comment. Not a functional port.
templates/mods/tunnelblock_settings.mod,2015-07-30T22:17:27-05:00,4087,393,ac1f2b15901bc3a7d94dcff7c8f85a156d27cbbd922c492bf53dc6b7bab97407,88aabf626cd7d7be545de88b827ac4b4d408b7b83bc22369bdae37429d5d319c,annotated_legacy_template,yes,First-party archived Django template; non-executing status comment. Not a functional port.
templates/netview.ext,2015-07-30T22:17:27-05:00,4087,6642,09b9b4d463d9665dedd214ec2ee879a88ef5cec51b599d4b36f7dd34098d7e49,0e0744cfd2ab59dd7e6718218f107f75850182a8264ffb38bb6fcaca80ca2ff1,annotated_legacy_template,yes,First-party archived Django template; non-executing status comment. Not a functional port.
templates/notifications.ext,2015-07-30T22:17:27-05:00,4087,271,ca6ab3f551ea7db950e32ff0f073e4c3399618ca460b82de25495d2aee02dae4,6be0c185a2bd7ec3f9519ce4bf32b5f490046ef066de687221b95d8b11cb7791,annotated_legacy_template,yes,First-party archived Django template; non-executing status comment. Not a functional port.
templates/plugins.ext,2015-07-30T22:17:27-05:00,4087,10352,a970e6cce2923397220897d7a67524c382c92d99431ecb2fde4ead445d9785c6,11d860808a4a95bbe4100e94500e4e8ff4383612d3b2a42c3b0aa48a51eccae2,annotated_legacy_template,yes,First-party archived Django template; non-executing status comment. Not a functional port.
templates/profile.tm,2015-07-30T22:17:27-05:00,4087,498,d891403946cd654e13f2e3671e0994db6953e5954a3f35c4f623b07daedbedc7,b843aca6e036e28e2f82cc92aa5bf509b49e9ff7b78c904e2fbbb14b83a3d548,annotated_legacy_template,yes,First-party archived Django template; non-executing status comment. Not a functional port.
templates/settings.ext,2015-07-30T22:17:27-05:00,4087,14150,825b8d566f9d43178bedea9a4ec4cf69fe1378a5f25ebfa5c2737aa9cb864f17,1ec7eac3c71b4f4161cc57a047861618b3f69c00ac2a150a6921d8ecf8e99852,annotated_legacy_template,yes,First-party archived Django template; non-executing status comment. Not a functional port.
templates/settings.ext~,2015-07-30T22:17:27-05:00,4087,13999,03c0ffc235c1e84ca161d672204d1566fae29e143f3ccba7a017c787826ff130,03c0ffc235c1e84ca161d672204d1566fae29e143f3ccba7a017c787826ff130,preserved_backup_snapshot,no,Historical backup kept as original.
templates/settings/advanced/menu.set,2015-07-30T22:17:27-05:00,4087,242,d22199af6687b1a6bb239bb9f27eb41d0dfea751d188035363011cf4dbdc826d,103e7187bf617c1dd04e9da3a931c9477a189a509d4f06c1a3ac41aa3ba1f159,annotated_legacy_template,yes,First-party archived Django template; non-executing status comment. Not a functional port.
templates/settings/vectors/arpcachepoisoning.set,2015-07-30T22:17:27-05:00,4087,1368,b9df5e48c33fed1dac9d452c97b25be5e9d071a989064f1751b352ac9424db75,ada742ed6fb048b0cd9c692d0d881f776ce4fbc17aaa82e9b863fd23a3046166,annotated_legacy_template,yes,First-party archived Django template; non-executing status comment. Not a functional port.
templates/settings/vectors/roguedhcp.set,2015-07-30T22:17:27-05:00,4087,698,e09ce8edf2c3ac972a5183a0b83e16feecd5474c71900711cae4783bc2b36928,b40be97fc8b5b6a34e1c2257e36fa5389d6e9f44c4de65f2ac6767e9eedfc410,annotated_legacy_template,yes,First-party archived Django template; non-executing status comment. Not a functional port.
templates/settings/vectors/wirelessapgenerator.set,2015-07-30T22:17:27-05:00,4087,2606,c61c7c6acd383a7ee4e5573d5168026254bd212b6dcdfd5638328bf47edf4d97,52e32711b98a94866f8645cb10c8608d7ef7b3183d2235a5d32205b1aa5642b1,annotated_legacy_template,yes,First-party archived Django template; non-executing status comment. Not a functional port.
templates/settings/vectors/wpadhijack.set,2015-07-30T22:17:27-05:00,4087,696,c2cb947f667e3ca428b82c7fd3857813d1e129019524c2a05986744767a80ea3,f8b6f65e61492e44378e5a5c0f0ecadae63e2d75ef648530e2db06ae910f5c58,annotated_legacy_template,yes,First-party archived Django template; non-executing status comment. Not a functional port.
templates/wpad.dat,2015-07-30T22:17:27-05:00,4087,76,eccc76f31b3fa6e2f86d38966b66ea1dd4b00fe78d5c1fa6eaab17db25be0bf2,eccc76f31b3fa6e2f86d38966b66ea1dd4b00fe78d5c1fa6eaab17db25be0bf2,preserved_active_legacy_payload,no,Old active network payload/configuration; avoid blind executable changes.
utilities/dev/build_db.sql,2015-07-30T22:17:27-05:00,4087,775,77446a06a28a331f2f66d6ce13cc66ce5d453db863a7163d78c1a8a5e643d7f6,1edc2535672b3ddf4eff72dd83fe5fa4890eeef78c3f10425332e10ee60c091b,annotated_legacy_config_or_launcher,yes,Old first-party reference/sample; non-executing deprecation comment only.
utilities/dev/webdump,2015-07-30T22:17:27-05:00,4087,0,e3b0c44298fc1c149afbf4c8996fb92427ae41e4649b934ca495991b7852b855,e3b0c44298fc1c149afbf4c8996fb92427ae41e4649b934ca495991b7852b855,preserved_empty_placeholder,no,Empty historical placeholder retained without fabricated data.
utilities/dhcpd.conf,2015-07-30T22:17:27-05:00,4087,293,4b9b88c883789da9eb939eb28dfc5a295cce8b7b1c39c9b3efb284bb64c5deb9,bb77e4e793cd67157cea73da5715b0b0056a351168e6517b69bda38007195c81,annotated_legacy_config_or_launcher,yes,Old first-party reference/sample; non-executing deprecation comment only.
xsubterfuge,2015-08-01T02:14:27-05:00,4086,11427,0daa42a8793edc17fceca7d4d0be30ccbd1af0834ba36d7e82f519ced2f3e0d8,541cdbe60ad23767c35b1174c5f28f670bcb98db9ea34fb6b845017029aadbb8,annotated_legacy_config_or_launcher,yes,Old first-party reference/sample; non-executing deprecation comment only.
