original_path,current_path,sha256_original,classification,exact_bytes_preserved
COPYING,LICENSE,8ceb4b9ee5adedde47b31e975c1d90c73ad27b6b165a1dcd80c7c545eb65b903,full_unmodified_GPLv3_text,yes
__init__.py,legacy/historical-framework-2015-2016/__init__.py,c62aa3d8c24681fad5f0ffe1ee7ba0575be5c6d51773c04cc8ab27a33f712d48,historical_reference_only,yes
attackctrl.py,legacy/historical-framework-2015-2016/attackctrl.py,8ffe39b89ebae00209b4dcf6358d3d866f224760cea5ba62bc1de088d78577e2,historical_reference_only,yes
cease/MAINTENANCE.md,legacy/historical-framework-2015-2016/cease/MAINTENANCE.md,8b20ff3b55b4bffe5413a10a634445782981aa581eaf996ccf5118e01a2a73a8,historical_reference_only,yes
cease/__init__.py,legacy/historical-framework-2015-2016/cease/__init__.py,c62aa3d8c24681fad5f0ffe1ee7ba0575be5c6d51773c04cc8ab27a33f712d48,historical_reference_only,yes
cease/models.py,legacy/historical-framework-2015-2016/cease/models.py,718c67631e73f5c72703654e13d1341021a34aa2a0562e71bc7c5691514525ea,historical_reference_only,yes
cease/tests.py,legacy/historical-framework-2015-2016/cease/tests.py,ba3b0473bc3e8eaa8db6ed7159a23719a2fdce25992e4b9c2783ad79cf0facb1,historical_reference_only,yes
cease/views.py,legacy/historical-framework-2015-2016/cease/views.py,dcc60e3a7f8ded80e03478561ce1e31cfe5fe330b0f718013820517606c7c1fd,historical_reference_only,yes
cease/views.py~,legacy/historical-framework-2015-2016/cease/views.py~,5c138529bdaaf8c34369cd0431d1f999402cb3926a11a711fdb5eaf228e8c2a6,historical_reference_only,yes
configure.py,legacy/historical-framework-2015-2016/configure.py,bdaa1384f4ffc72b7a4a2885099aedeaf3983f6d3aa703f5554d030b34c53e39,historical_reference_only,yes
definitions/MAINTENANCE.md,legacy/historical-framework-2015-2016/definitions/MAINTENANCE.md,8b20ff3b55b4bffe5413a10a634445782981aa581eaf996ccf5118e01a2a73a8,historical_reference_only,yes
definitions/passwordfields.lst,legacy/historical-framework-2015-2016/definitions/passwordfields.lst,15bd5625427410bc0a590131bb0dbd3c917d783b2957b90ad0211e973e2d227c,historical_reference_only,yes
definitions/usernamefields.lst,legacy/historical-framework-2015-2016/definitions/usernamefields.lst,7fd896979406f6edc219886465b51c0b51be1f5ae3bcc4abc3f62012c6a12352,historical_reference_only,yes
exportcreds.py,legacy/historical-framework-2015-2016/exportcreds.py,9efc57820005d8b326646c77f2fb773574892a03b560261a8a22771c5d7e07ee,historical_reference_only,yes
lock.ico,legacy/historical-framework-2015-2016/lock.ico,8da36fbeb3072e08f9ea880ba198599e9676ef99844fdec9cca7dbf2c8096edc,historical_reference_only,yes
main/MAINTENANCE.md,legacy/historical-framework-2015-2016/main/MAINTENANCE.md,8b20ff3b55b4bffe5413a10a634445782981aa581eaf996ccf5118e01a2a73a8,historical_reference_only,yes
main/__init__.py,legacy/historical-framework-2015-2016/main/__init__.py,c62aa3d8c24681fad5f0ffe1ee7ba0575be5c6d51773c04cc8ab27a33f712d48,historical_reference_only,yes
main/models.py,legacy/historical-framework-2015-2016/main/models.py,2c9ac2c193fa9f47d485473789cdd73d41ed093e811bcaa9d5c8bc2a5dbb9be0,historical_reference_only,yes
main/models.py~,legacy/historical-framework-2015-2016/main/models.py~,d14b235569e732fed2388076b9e7fb8655739ae483e13860b6247d18815f71e8,historical_reference_only,yes
main/views.py,legacy/historical-framework-2015-2016/main/views.py,cf6dff4f38baa184d5229aec800ea748995fae514c14e1faa324e97b9be2a8fc,historical_reference_only,yes
main/views.py~,legacy/historical-framework-2015-2016/main/views.py~,ff4c856fc9d2b4b8f937575e672f5d80c4d5e665c421fefb1f0440bbd3ad9d73,historical_reference_only,yes
manage.py,legacy/historical-framework-2015-2016/manage.py,7c9e456f36737681e37c9c8e23807bbca10c72abb03a9ef60cad1f610907faa8,historical_reference_only,yes
modules/MAINTENANCE.md,legacy/historical-framework-2015-2016/modules/MAINTENANCE.md,8b20ff3b55b4bffe5413a10a634445782981aa581eaf996ccf5118e01a2a73a8,historical_reference_only,yes
modules/TunnelBlock/MAINTENANCE.md,legacy/historical-framework-2015-2016/modules/TunnelBlock/MAINTENANCE.md,8b20ff3b55b4bffe5413a10a634445782981aa581eaf996ccf5118e01a2a73a8,historical_reference_only,yes
modules/TunnelBlock/TunnelBlock.py,legacy/historical-framework-2015-2016/modules/TunnelBlock/TunnelBlock.py,250970441503a5814c6aac5ec5edbac82467bb9f3ef2fdc1c06667e8e245ee27,historical_reference_only,yes
modules/__init__.py,legacy/historical-framework-2015-2016/modules/__init__.py,c62aa3d8c24681fad5f0ffe1ee7ba0575be5c6d51773c04cc8ab27a33f712d48,historical_reference_only,yes
modules/db,legacy/historical-framework-2015-2016/modules/db,e3b0c44298fc1c149afbf4c8996fb92427ae41e4649b934ca495991b7852b855,historical_reference_only,yes
modules/dos/MAINTENANCE.md,legacy/historical-framework-2015-2016/modules/dos/MAINTENANCE.md,8b20ff3b55b4bffe5413a10a634445782981aa581eaf996ccf5118e01a2a73a8,historical_reference_only,yes
modules/dos/dos.py,legacy/historical-framework-2015-2016/modules/dos/dos.py,ab9eb17f45f9675d69bf73f9b138d0ab0aa0b96c2b2afe345c3ca87fd0d503ed,historical_reference_only,yes
modules/exportcreds.py,legacy/historical-framework-2015-2016/modules/exportcreds.py,c62aa3d8c24681fad5f0ffe1ee7ba0575be5c6d51773c04cc8ab27a33f712d48,historical_reference_only,yes
modules/harvester/MAINTENANCE.md,legacy/historical-framework-2015-2016/modules/harvester/MAINTENANCE.md,8b20ff3b55b4bffe5413a10a634445782981aa581eaf996ccf5118e01a2a73a8,historical_reference_only,yes
modules/harvester/ftp_password_sniffer.py,legacy/historical-framework-2015-2016/modules/harvester/ftp_password_sniffer.py,fcbe164b6379fec538b6061fea459108dcfe6d69cb3464b583c0fc0bef3292a3,historical_reference_only,yes
modules/harvester/harvester.py,legacy/historical-framework-2015-2016/modules/harvester/harvester.py,92e379760d9f23d0f1c74febc6193e5d298b6e56011572fee723e6eeea3cf627,historical_reference_only,yes
modules/httpcodeinjection/MAINTENANCE.md,legacy/historical-framework-2015-2016/modules/httpcodeinjection/MAINTENANCE.md,8b20ff3b55b4bffe5413a10a634445782981aa581eaf996ccf5118e01a2a73a8,historical_reference_only,yes
modules/httpcodeinjection/httpcodeinjection.py,legacy/historical-framework-2015-2016/modules/httpcodeinjection/httpcodeinjection.py,306e1eab3255b1e7b3a88ae39226552f660ab9ddc127aa06c88a7b8e6c620c06,historical_reference_only,yes
modules/httpcodeinjection/httpcodeinjection.rc,legacy/historical-framework-2015-2016/modules/httpcodeinjection/httpcodeinjection.rc,59108fec347bd1240a8c0b5800a81ae7444138d795a10aaddc9d501568869727,historical_reference_only,yes
modules/httpcodeinjection/inject.x,legacy/historical-framework-2015-2016/modules/httpcodeinjection/inject.x,b68bb07fbb2dcdb35f959a6ba3a62e07478c48c511fa3753a919834b71e09dcf,historical_reference_only,yes
modules/models.py,legacy/historical-framework-2015-2016/modules/models.py,efced4daa7598a99dab6d5d9f1d37e842f7c6d3ca1455192aac4fb542b966aa0,historical_reference_only,yes
modules/modextras.py,legacy/historical-framework-2015-2016/modules/modextras.py,92ba8cb9b4c514ce2ae477c86ab8ec0eb998d21408a66e72a31469b38b07e5be,historical_reference_only,yes
modules/sessionhijacking/MAINTENANCE.md,legacy/historical-framework-2015-2016/modules/sessionhijacking/MAINTENANCE.md,8b20ff3b55b4bffe5413a10a634445782981aa581eaf996ccf5118e01a2a73a8,historical_reference_only,yes
modules/sessionhijacking/cookiestealer.py,legacy/historical-framework-2015-2016/modules/sessionhijacking/cookiestealer.py,e2326077efc49b9e96f94f935d3e148c812bbdaad48ff8d916e41dd30c9e2ac3,historical_reference_only,yes
modules/sessionhijacking/cookieswapper.js,legacy/historical-framework-2015-2016/modules/sessionhijacking/cookieswapper.js,48d1af571ee3f4d4df1f6e96997de6d177e1dd882d7a5dbf6a52535278d8b1c4,historical_reference_only,yes
modules/templatetags/MAINTENANCE.md,legacy/historical-framework-2015-2016/modules/templatetags/MAINTENANCE.md,8b20ff3b55b4bffe5413a10a634445782981aa581eaf996ccf5118e01a2a73a8,historical_reference_only,yes
modules/templatetags/__init__.py,legacy/historical-framework-2015-2016/modules/templatetags/__init__.py,c62aa3d8c24681fad5f0ffe1ee7ba0575be5c6d51773c04cc8ab27a33f712d48,historical_reference_only,yes
modules/templatetags/modextras.py,legacy/historical-framework-2015-2016/modules/templatetags/modextras.py,b2b171700bf8926bafd5f64fc5874b944b1037febb202e03ec3606fb0120277c,historical_reference_only,yes
modules/views.py,legacy/historical-framework-2015-2016/modules/views.py,72666d12b01ac10b6e610e984d8edd74ff59f1fe7c2c8eae09fed15746fb5efa,historical_reference_only,yes
scan.py,legacy/historical-framework-2015-2016/scan.py,47b9c476768b9c0102918ac63379d8102969858f6349aba774ae213b217f7028,historical_reference_only,yes
settings.py,legacy/historical-framework-2015-2016/settings.py,b6303c57d225a11953cae04a0b7ae729b195ac171bb74ecbe284c74564f4f005,historical_reference_only,yes
sslstrip.py,legacy/historical-framework-2015-2016/sslstrip.py,6fdd7b9b9074798e2c45652ffd60fa6fd2df3ddf739dbe63647955d850668505,historical_reference_only,yes
sslstrip/ClientRequest.py,legacy/historical-framework-2015-2016/sslstrip/ClientRequest.py,e8ced10a618b9d01125f85a8588ef0028ca7f3893cc58e363b85ff08343c3520,historical_reference_only,yes
sslstrip/CookieCleaner.py,legacy/historical-framework-2015-2016/sslstrip/CookieCleaner.py,09381bb5472456749e9cf71f65353dbe662e314a5439073dc36155d04d25fd9f,historical_reference_only,yes
sslstrip/DnsCache.py,legacy/historical-framework-2015-2016/sslstrip/DnsCache.py,6d3f2d077e6ea3dd1826f7e1f7b2cd3702dca937491ddabfb7a2cff86cb0ecb0,historical_reference_only,yes
sslstrip/MAINTENANCE.md,legacy/historical-framework-2015-2016/sslstrip/MAINTENANCE.md,8b20ff3b55b4bffe5413a10a634445782981aa581eaf996ccf5118e01a2a73a8,historical_reference_only,yes
sslstrip/SSLServerConnection.py,legacy/historical-framework-2015-2016/sslstrip/SSLServerConnection.py,01f83885b22db5a8dda17db80d86ca9d64b7f28361984a179fc2553c0a9abae2,historical_reference_only,yes
sslstrip/ServerConnection.py,legacy/historical-framework-2015-2016/sslstrip/ServerConnection.py,c0246f2b425bc1639418a5ea6c01a841a1f4255c2a25eb137ba151fd0c31653a,historical_reference_only,yes
sslstrip/ServerConnectionFactory.py,legacy/historical-framework-2015-2016/sslstrip/ServerConnectionFactory.py,ca4a90e821e29941eafbbe203f338388746bb56806682db59e9fb5ca269838fe,historical_reference_only,yes
sslstrip/StrippingProxy.py,legacy/historical-framework-2015-2016/sslstrip/StrippingProxy.py,90f51885286472291833aa749664e0fd420a581cb15b99bc803e3d9e8d5c46b0,historical_reference_only,yes
sslstrip/URLMonitor.py,legacy/historical-framework-2015-2016/sslstrip/URLMonitor.py,f6e52552bbd7021d61c2a8929985a5865a3f0ca59d6a9827d8e24bc7ca5745a4,historical_reference_only,yes
sslstrip/__init__.py,legacy/historical-framework-2015-2016/sslstrip/__init__.py,c62aa3d8c24681fad5f0ffe1ee7ba0575be5c6d51773c04cc8ab27a33f712d48,historical_reference_only,yes
sslstrip/clientip,legacy/historical-framework-2015-2016/sslstrip/clientip,e26fa53adae430494fabd8575b6d91a55756f8962880756abec51a2f4d6abe3e,historical_reference_only,yes
sslstrip/db,legacy/historical-framework-2015-2016/sslstrip/db,e3b0c44298fc1c149afbf4c8996fb92427ae41e4649b934ca495991b7852b855,historical_reference_only,yes
sslstrip/sslstrip,legacy/historical-framework-2015-2016/sslstrip/sslstrip,7fa5d9004499f8728a271be1f91c956fc27224775b4507bbf6397e64f11e3244,historical_reference_only,yes
subterfuge.conf,legacy/historical-framework-2015-2016/subterfuge.conf,68fa282db60c54f1bb6b632059edd9a9bbeff120f6766845879be3aa4b5f49ac,historical_reference_only,yes
templates/MAINTENANCE.md,legacy/historical-framework-2015-2016/templates/MAINTENANCE.md,8b20ff3b55b4bffe5413a10a634445782981aa581eaf996ccf5118e01a2a73a8,historical_reference_only,yes
templates/basic.tm,legacy/historical-framework-2015-2016/templates/basic.tm,a3e99dda16a87dda835d4e3494ae0e0670041cf329fef49b5347bead2c7c6c9a,historical_reference_only,yes
templates/css/MAINTENANCE.md,legacy/historical-framework-2015-2016/templates/css/MAINTENANCE.md,8b20ff3b55b4bffe5413a10a634445782981aa581eaf996ccf5118e01a2a73a8,historical_reference_only,yes
templates/css/domtab.css,legacy/historical-framework-2015-2016/templates/css/domtab.css,24c1d5b91f54ad6e26823984d520bc9a01566a3dd177df1525627694fb3832e7,historical_reference_only,yes
templates/css/jquery-ui.css,legacy/historical-framework-2015-2016/templates/css/jquery-ui.css,25eb83e9a0e72aca3ae55ee7d4a138a152a342bd0f31ab5bc95f1d432812fd4e,historical_reference_only,yes
templates/css/main.css,legacy/historical-framework-2015-2016/templates/css/main.css,1b0abcf482f29f6a81f06d6a9f45c489db80f2d51d165e4c20f2a70e62501baa,historical_reference_only,yes
templates/css/settings.css,legacy/historical-framework-2015-2016/templates/css/settings.css,109475a8ce68409e254e05bf7156f80a728f27e11affe77c5ed4aea5d84c0024,historical_reference_only,yes
templates/domtab/MAINTENANCE.md,legacy/historical-framework-2015-2016/templates/domtab/MAINTENANCE.md,8b20ff3b55b4bffe5413a10a634445782981aa581eaf996ccf5118e01a2a73a8,historical_reference_only,yes
templates/domtab/domtab.css,legacy/historical-framework-2015-2016/templates/domtab/domtab.css,c08af65ef302ec1a82e1f5bf874d0dbf2361db1d9c828439fbcc0582a499b940,historical_reference_only,yes
templates/domtab/domtab.js,legacy/historical-framework-2015-2016/templates/domtab/domtab.js,8cc077ef94115041dac8b25b1182f216e7639fb05f5b5783bdc3aa821bb65e0c,historical_reference_only,yes
templates/domtab/index.html,legacy/historical-framework-2015-2016/templates/domtab/index.html,6371b3ada552b2581a3a44b48c7dbea5700a16b05a3b72b1182c3e33c78c569f,historical_reference_only,yes
templates/home.ext,legacy/historical-framework-2015-2016/templates/home.ext,4ff9fd73e10b58c90984a97e2a373883478ae23a619e87d8cd70add0726c784a,historical_reference_only,yes
templates/images/MAINTENANCE.md,legacy/historical-framework-2015-2016/templates/images/MAINTENANCE.md,8b20ff3b55b4bffe5413a10a634445782981aa581eaf996ccf5118e01a2a73a8,historical_reference_only,yes
templates/images/TranspFills/MAINTENANCE.md,legacy/historical-framework-2015-2016/templates/images/TranspFills/MAINTENANCE.md,8b20ff3b55b4bffe5413a10a634445782981aa581eaf996ccf5118e01a2a73a8,historical_reference_only,yes
templates/images/TranspFills/transpBlack10.png,legacy/historical-framework-2015-2016/templates/images/TranspFills/transpBlack10.png,97bf5df2725537555d5e7daeacbf607b77f00b97cf2e2abf7bfda1b2a823fc73,historical_reference_only,yes
templates/images/TranspFills/transpBlack25.png,legacy/historical-framework-2015-2016/templates/images/TranspFills/transpBlack25.png,a7bb31ada9768e9901f235d2866ba191ab9596b49002ac5322ac228977e1bdf4,historical_reference_only,yes
templates/images/TranspFills/transpBlack50.png,legacy/historical-framework-2015-2016/templates/images/TranspFills/transpBlack50.png,ba460973b9927f8bbbfc6bbdf22ae56d57f7f6ce48906cd58789d97b3b592ccb,historical_reference_only,yes
templates/images/TranspFills/transpBlack75.png,legacy/historical-framework-2015-2016/templates/images/TranspFills/transpBlack75.png,f52b1d9da25ece2ba4a1e6add1a4a2cf8ba9851b21c8d00dd6a6e02605ee2a99,historical_reference_only,yes
templates/images/TranspFills/transpBlack90.png,legacy/historical-framework-2015-2016/templates/images/TranspFills/transpBlack90.png,aae14e87a622e5600280536f4f231ebf40d564ba2987fd39b3b8856b7a89bddb,historical_reference_only,yes
templates/images/TranspFills/transpBlue10.png,legacy/historical-framework-2015-2016/templates/images/TranspFills/transpBlue10.png,b8a7371006e7867ebc771a14be8c9c80abfe31646b6ddf666aed3cea8ef4d259,historical_reference_only,yes
templates/images/TranspFills/transpBlue25.png,legacy/historical-framework-2015-2016/templates/images/TranspFills/transpBlue25.png,af6ed261d75f2d2327cabf10e7f8e76fa951e62974e0416ccb09c724b71b9997,historical_reference_only,yes
templates/images/TranspFills/transpBlue50.png,legacy/historical-framework-2015-2016/templates/images/TranspFills/transpBlue50.png,b60b7d8ce0168487acc3476f12898897a2786ca355be6d818ec749017c9929d6,historical_reference_only,yes
templates/images/TranspFills/transpBlue75.png,legacy/historical-framework-2015-2016/templates/images/TranspFills/transpBlue75.png,59846771ced14572ca1899fd60b3bf8672d324b54c0eb929fb0d8157ecd31e0c,historical_reference_only,yes
templates/images/TranspFills/transpBlue90.png,legacy/historical-framework-2015-2016/templates/images/TranspFills/transpBlue90.png,51066847f9d31a68f9ed3dc4232c138ce61b9957d508e0cdd9295490fc5c1403,historical_reference_only,yes
templates/images/activity.gif,legacy/historical-framework-2015-2016/templates/images/activity.gif,54d7a35e6cfa26b80ed30a76494518c2510bffc6782923d9c12347d50492c33f,historical_reference_only,yes
templates/images/black_arrow.png,legacy/historical-framework-2015-2016/templates/images/black_arrow.png,3b318a4a90981bf363523fff4ba56e79e907a3ebc64b90d491f91cc3c1b16b6c,historical_reference_only,yes
templates/images/down copy 2.png,legacy/historical-framework-2015-2016/templates/images/down copy 2.png,02db6421d439c780f6a4f0335ea0bff3fee0747affafc64d59d5676496039a8f,historical_reference_only,yes
templates/images/down copy.png,legacy/historical-framework-2015-2016/templates/images/down copy.png,02db6421d439c780f6a4f0335ea0bff3fee0747affafc64d59d5676496039a8f,historical_reference_only,yes
templates/images/down.png,legacy/historical-framework-2015-2016/templates/images/down.png,02db6421d439c780f6a4f0335ea0bff3fee0747affafc64d59d5676496039a8f,historical_reference_only,yes
templates/images/expand.png,legacy/historical-framework-2015-2016/templates/images/expand.png,fd92654e6a1c04688cdc05e0baba1bfd9f571fa29ebc8846a853297bad530ed7,historical_reference_only,yes
templates/images/help.png,legacy/historical-framework-2015-2016/templates/images/help.png,375b3d1fda51dfee9909e6be07a63306c4d20803ea86a05a5a69e5899c7fc28a,historical_reference_only,yes
templates/images/loader.gif,legacy/historical-framework-2015-2016/templates/images/loader.gif,04ded4f519657fb55969c8e71a22eb64f9435b54ed949772e0706d5ee9ddc7d3,historical_reference_only,yes
templates/images/logo.png,legacy/historical-framework-2015-2016/templates/images/logo.png,29838b01b988a009cb0407bc80fa6214c53332c25fccf5d602f6cc8d2eb77280,historical_reference_only,yes
templates/images/menu.png,legacy/historical-framework-2015-2016/templates/images/menu.png,f4185d176d59b1e66352d74240a72665e3001062ab6f8b462f46d1f131ec1986,historical_reference_only,yes
templates/images/netview/MAINTENANCE.md,legacy/historical-framework-2015-2016/templates/images/netview/MAINTENANCE.md,8b20ff3b55b4bffe5413a10a634445782981aa581eaf996ccf5118e01a2a73a8,historical_reference_only,yes
templates/images/netview/green.png,legacy/historical-framework-2015-2016/templates/images/netview/green.png,3e23cf03d08b210612c60a9ec7c89509e639d14a71db8fac2e733133247d34fd,historical_reference_only,yes
templates/images/netview/lnx.png,legacy/historical-framework-2015-2016/templates/images/netview/lnx.png,d4aebbafd91a798bc545d3f2523b0c083e67a8bee3cba7be473af8a30362f648,historical_reference_only,yes
templates/images/netview/osx.png,legacy/historical-framework-2015-2016/templates/images/netview/osx.png,7da09407f2aa796cb7de656e0ac66bfbbe22ad0f838cae593dceba3441230cee,historical_reference_only,yes
templates/images/netview/red.png,legacy/historical-framework-2015-2016/templates/images/netview/red.png,94d6ff7e28e5ae79894cfcd3320247b9664a7eda6e04ba47263d29021fbda5bc,historical_reference_only,yes
templates/images/netview/unknown.png,legacy/historical-framework-2015-2016/templates/images/netview/unknown.png,5f91a87cbaa49be99acdf179b958aea8a0765f85d1f452f781b0f618e5241b8f,historical_reference_only,yes
templates/images/netview/win.png,legacy/historical-framework-2015-2016/templates/images/netview/win.png,cc73abcedd6db43b43df0ad9eb30826486723cb5bec8ae7478c7e455df3e1ece,historical_reference_only,yes
templates/images/notify.png,legacy/historical-framework-2015-2016/templates/images/notify.png,edb4aab6d820c59fc82e2207fed23d787e3b8c5c9c1c8c3bb3658bad38aa10eb,historical_reference_only,yes
templates/images/panel.jpg,legacy/historical-framework-2015-2016/templates/images/panel.jpg,d45366b33d8d24667666b598f89a3ba5c16b3aa22d9f02ed9a3c299f10b60338,historical_reference_only,yes
templates/images/panelsmall.png,legacy/historical-framework-2015-2016/templates/images/panelsmall.png,496e090ea9973e945a2373e5a7a217bbebf592328c574ee8a8fd83dc1eadafb2,historical_reference_only,yes
templates/images/plugins/MAINTENANCE.md,legacy/historical-framework-2015-2016/templates/images/plugins/MAINTENANCE.md,8b20ff3b55b4bffe5413a10a634445782981aa581eaf996ccf5118e01a2a73a8,historical_reference_only,yes
templates/images/plugins/builder.png,legacy/historical-framework-2015-2016/templates/images/plugins/builder.png,aa4d428f217013a91d77c7031546de8226291fc6f7378a7a547e863422483b8b,historical_reference_only,yes
templates/images/plugins/dos.png,legacy/historical-framework-2015-2016/templates/images/plugins/dos.png,088abb673ed75c80cfb2f0a2a29024731b16a852dc63a26c5e1fd90376fb22ba,historical_reference_only,yes
templates/images/plugins/evilgrade.png,legacy/historical-framework-2015-2016/templates/images/plugins/evilgrade.png,9fc029fdce2296d9d306195496ea8c6d005d71fa28aff6e34bd44fa6b3c94d7b,historical_reference_only,yes
templates/images/plugins/harvester.png,legacy/historical-framework-2015-2016/templates/images/plugins/harvester.png,a893a6ca6b78c2d27dda6a96029d5c821f2ccebae9733119721d14533b16a69f,historical_reference_only,yes
templates/images/plugins/hijacking.png,legacy/historical-framework-2015-2016/templates/images/plugins/hijacking.png,dfe88a428b34e4544982e28bd53dda3f54dfd6d4b7d96e693444c08adaff9c3d,historical_reference_only,yes
templates/images/plugins/httpcodeinjection.png,legacy/historical-framework-2015-2016/templates/images/plugins/httpcodeinjection.png,f4d38da9420d4bfd521269ad37ee9d8a923b07b6a500bef3322fefe8962c31ae,historical_reference_only,yes
templates/images/plugins/injection.png,legacy/historical-framework-2015-2016/templates/images/plugins/injection.png,f4d38da9420d4bfd521269ad37ee9d8a923b07b6a500bef3322fefe8962c31ae,historical_reference_only,yes
templates/images/plugins/netview.png,legacy/historical-framework-2015-2016/templates/images/plugins/netview.png,d774c2c84541c867472234eaf78fedde8e9aea7658a3f78f07c687b64ed9726b,historical_reference_only,yes
templates/images/plugins/tunnelblock.png,legacy/historical-framework-2015-2016/templates/images/plugins/tunnelblock.png,94fc17099be6883d4d4b8737933f64e68af80eeb1adbaa4e1838d9a3fe97b6e1,historical_reference_only,yes
templates/images/redbuttonbg.png,legacy/historical-framework-2015-2016/templates/images/redbuttonbg.png,099f12fae4f4ae20430d523e4c6b303a9f4d197a4c8a0f344cf785ef73aa4d45,historical_reference_only,yes
templates/images/subterfugebg.jpg,legacy/historical-framework-2015-2016/templates/images/subterfugebg.jpg,986200c02b175ec2435fea5a1bba47512501876389813a8729abfaafa81eb54c,historical_reference_only,yes
templates/images/title.png,legacy/historical-framework-2015-2016/templates/images/title.png,b058c3532dcc0880e97c1ef72e0085a1eb503100a872fa5eb2642660e639ca64,historical_reference_only,yes
templates/images/transpBlack75.png,legacy/historical-framework-2015-2016/templates/images/transpBlack75.png,f52b1d9da25ece2ba4a1e6add1a4a2cf8ba9851b21c8d00dd6a6e02605ee2a99,historical_reference_only,yes
templates/images/transpBlue50.png,legacy/historical-framework-2015-2016/templates/images/transpBlue50.png,b60b7d8ce0168487acc3476f12898897a2786ca355be6d818ec749017c9929d6,historical_reference_only,yes
templates/images/transpBlue90.png,legacy/historical-framework-2015-2016/templates/images/transpBlue90.png,51066847f9d31a68f9ed3dc4232c138ce61b9957d508e0cdd9295490fc5c1403,historical_reference_only,yes
templates/includes/MAINTENANCE.md,legacy/historical-framework-2015-2016/templates/includes/MAINTENANCE.md,8b20ff3b55b4bffe5413a10a634445782981aa581eaf996ccf5118e01a2a73a8,historical_reference_only,yes
templates/includes/credtable.inc,legacy/historical-framework-2015-2016/templates/includes/credtable.inc,4866caa148f52528c1a3eaf19e2ce183dbcd8c9ecca8e6f813be56e8bda5e845,historical_reference_only,yes
templates/includes/footer.inc,legacy/historical-framework-2015-2016/templates/includes/footer.inc,36ab15aac6537b690119447ab42b24b6ce63058f020627ea982ae3cf62f3285c,historical_reference_only,yes
templates/includes/header.inc,legacy/historical-framework-2015-2016/templates/includes/header.inc,44eb80e83deb94cf02430c9d705b13c991765b66c49664d44cc350a33c9dd4f7,historical_reference_only,yes
templates/includes/hostcheck.inc,legacy/historical-framework-2015-2016/templates/includes/hostcheck.inc,c7f550002b38d4ff2dd09749572f786de0e0a4a0e96b2b19e91c31fcce20c564,historical_reference_only,yes
templates/includes/nav.inc,legacy/historical-framework-2015-2016/templates/includes/nav.inc,ea34cd383819c9042024d6e5a34280e28459fe67d14f08ff9a31970ecf445d45,historical_reference_only,yes
templates/includes/netview.inc,legacy/historical-framework-2015-2016/templates/includes/netview.inc,a12e6dafb4ff4a044ca33086581dcfc339adc793d246960a2335846f0febfe65,historical_reference_only,yes
templates/includes/notificationtable.inc,legacy/historical-framework-2015-2016/templates/includes/notificationtable.inc,199acc45cf143e287f8ea065584888ec1f5bd44cf4acfa69b2350f7bd6bf3600,historical_reference_only,yes
templates/js/MAINTENANCE.md,legacy/historical-framework-2015-2016/templates/js/MAINTENANCE.md,8b20ff3b55b4bffe5413a10a634445782981aa581eaf996ccf5118e01a2a73a8,historical_reference_only,yes
templates/js/domtab.js,legacy/historical-framework-2015-2016/templates/js/domtab.js,73f187ac3b70700d4b42328af8009c57f54f5c6768220c2646e63c586f01939f,historical_reference_only,yes
templates/js/jquery-ui.js,legacy/historical-framework-2015-2016/templates/js/jquery-ui.js,b57bb2b666a44ed5dee8d08382878f05788a7b5801f95037c51bf206cfecabde,historical_reference_only,yes
templates/js/jquery.js,legacy/historical-framework-2015-2016/templates/js/jquery.js,d4bf8a3ecf6915202b0bfb7cf423129c4a9d151516bd50bb7bf978d9341642e1,historical_reference_only,yes
templates/mod.ext,legacy/historical-framework-2015-2016/templates/mod.ext,59fcefe5938d2ba0193167b783ef0b6efa5a4b71f8d8b8539763db9e42f717f5,historical_reference_only,yes
templates/mods/MAINTENANCE.md,legacy/historical-framework-2015-2016/templates/mods/MAINTENANCE.md,8b20ff3b55b4bffe5413a10a634445782981aa581eaf996ccf5118e01a2a73a8,historical_reference_only,yes
templates/mods/builder.mod,legacy/historical-framework-2015-2016/templates/mods/builder.mod,e158b099448f77253cf563f93f2c5db53498664eaa9dea89fa69bdcd66c94066,historical_reference_only,yes
templates/mods/builder_page.mod,legacy/historical-framework-2015-2016/templates/mods/builder_page.mod,b1783f90c5b7bc974c3fcbd6f21489fdd9040921077cce8aed870d606c837260,historical_reference_only,yes
templates/mods/builder_settings.mod,legacy/historical-framework-2015-2016/templates/mods/builder_settings.mod,52da8978c53d7c0ab7ee759eef9655953e53da6f63b8d6544c2b0a15d02887ac,historical_reference_only,yes
templates/mods/default.mod,legacy/historical-framework-2015-2016/templates/mods/default.mod,e158b099448f77253cf563f93f2c5db53498664eaa9dea89fa69bdcd66c94066,historical_reference_only,yes
templates/mods/default_settings.mod,legacy/historical-framework-2015-2016/templates/mods/default_settings.mod,52da8978c53d7c0ab7ee759eef9655953e53da6f63b8d6544c2b0a15d02887ac,historical_reference_only,yes
templates/mods/dos.mod,legacy/historical-framework-2015-2016/templates/mods/dos.mod,f3523423b908d6ae46631bf1b5d20b0a156401aab0f778ae84e55b1dca248b07,historical_reference_only,yes
templates/mods/dos_settings.mod,legacy/historical-framework-2015-2016/templates/mods/dos_settings.mod,8a1d879e0837a7dd114f821bc17b74e3010bf3de07149add9eff7235a4c75b65,historical_reference_only,yes
templates/mods/harvester.mod,legacy/historical-framework-2015-2016/templates/mods/harvester.mod,d8d2a8d782eb6a340fe16b71ffad1bc4cd85a26e67c173f256c1fc2fbeaf169f,historical_reference_only,yes
templates/mods/harvester_settings.mod,legacy/historical-framework-2015-2016/templates/mods/harvester_settings.mod,da55c4a5fcc2012f793d012751a7c3c28237d6b7907701f42fc85b8ad37d62f9,historical_reference_only,yes
templates/mods/netview.mod,legacy/historical-framework-2015-2016/templates/mods/netview.mod,b9c7d7f987266192f49eb40f4f9b8002c4e2d37740eac80e86efb4ebcbd4ee49,historical_reference_only,yes
templates/mods/netview_settings.mod,legacy/historical-framework-2015-2016/templates/mods/netview_settings.mod,83eefe9bf7dccbf19954f84591d71acbc13cff6955c8c3dc31ee1fb300039d92,historical_reference_only,yes
templates/mods/tunnelblock.mod,legacy/historical-framework-2015-2016/templates/mods/tunnelblock.mod,27a1957e0f5d72f935c9f888317c609934c5323939430ef6f07e711527f352fe,historical_reference_only,yes
templates/mods/tunnelblock_settings.mod,legacy/historical-framework-2015-2016/templates/mods/tunnelblock_settings.mod,88aabf626cd7d7be545de88b827ac4b4d408b7b83bc22369bdae37429d5d319c,historical_reference_only,yes
templates/netview.ext,legacy/historical-framework-2015-2016/templates/netview.ext,0e0744cfd2ab59dd7e6718218f107f75850182a8264ffb38bb6fcaca80ca2ff1,historical_reference_only,yes
templates/notifications.ext,legacy/historical-framework-2015-2016/templates/notifications.ext,6be0c185a2bd7ec3f9519ce4bf32b5f490046ef066de687221b95d8b11cb7791,historical_reference_only,yes
templates/plugins.ext,legacy/historical-framework-2015-2016/templates/plugins.ext,11d860808a4a95bbe4100e94500e4e8ff4383612d3b2a42c3b0aa48a51eccae2,historical_reference_only,yes
templates/profile.tm,legacy/historical-framework-2015-2016/templates/profile.tm,b843aca6e036e28e2f82cc92aa5bf509b49e9ff7b78c904e2fbbb14b83a3d548,historical_reference_only,yes
templates/settings.ext,legacy/historical-framework-2015-2016/templates/settings.ext,1ec7eac3c71b4f4161cc57a047861618b3f69c00ac2a150a6921d8ecf8e99852,historical_reference_only,yes
templates/settings.ext~,legacy/historical-framework-2015-2016/templates/settings.ext~,03c0ffc235c1e84ca161d672204d1566fae29e143f3ccba7a017c787826ff130,historical_reference_only,yes
templates/settings/MAINTENANCE.md,legacy/historical-framework-2015-2016/templates/settings/MAINTENANCE.md,8b20ff3b55b4bffe5413a10a634445782981aa581eaf996ccf5118e01a2a73a8,historical_reference_only,yes
templates/settings/advanced/MAINTENANCE.md,legacy/historical-framework-2015-2016/templates/settings/advanced/MAINTENANCE.md,8b20ff3b55b4bffe5413a10a634445782981aa581eaf996ccf5118e01a2a73a8,historical_reference_only,yes
templates/settings/advanced/menu.set,legacy/historical-framework-2015-2016/templates/settings/advanced/menu.set,103e7187bf617c1dd04e9da3a931c9477a189a509d4f06c1a3ac41aa3ba1f159,historical_reference_only,yes
templates/settings/vectors/MAINTENANCE.md,legacy/historical-framework-2015-2016/templates/settings/vectors/MAINTENANCE.md,8b20ff3b55b4bffe5413a10a634445782981aa581eaf996ccf5118e01a2a73a8,historical_reference_only,yes
templates/settings/vectors/arpcachepoisoning.set,legacy/historical-framework-2015-2016/templates/settings/vectors/arpcachepoisoning.set,ada742ed6fb048b0cd9c692d0d881f776ce4fbc17aaa82e9b863fd23a3046166,historical_reference_only,yes
templates/settings/vectors/roguedhcp.set,legacy/historical-framework-2015-2016/templates/settings/vectors/roguedhcp.set,b40be97fc8b5b6a34e1c2257e36fa5389d6e9f44c4de65f2ac6767e9eedfc410,historical_reference_only,yes
templates/settings/vectors/wirelessapgenerator.set,legacy/historical-framework-2015-2016/templates/settings/vectors/wirelessapgenerator.set,52e32711b98a94866f8645cb10c8608d7ef7b3183d2235a5d32205b1aa5642b1,historical_reference_only,yes
templates/settings/vectors/wpadhijack.set,legacy/historical-framework-2015-2016/templates/settings/vectors/wpadhijack.set,f8b6f65e61492e44378e5a5c0f0ecadae63e2d75ef648530e2db06ae910f5c58,historical_reference_only,yes
templates/wpad.dat,legacy/historical-framework-2015-2016/templates/wpad.dat,eccc76f31b3fa6e2f86d38966b66ea1dd4b00fe78d5c1fa6eaab17db25be0bf2,historical_reference_only,yes
uninstall.py,legacy/historical-framework-2015-2016/uninstall.py,3d079a31cef6fd8977fbd71d12e67ca2eb839835002f82deff2b06f19b46d239,historical_reference_only,yes
urls.py,legacy/historical-framework-2015-2016/urls.py,97daf3b7bafe23c93dd5df2dbfecc64f292a3700d1169b14d3b8712e3bc64a66,historical_reference_only,yes
utilities/MAINTENANCE.md,legacy/historical-framework-2015-2016/utilities/MAINTENANCE.md,8b20ff3b55b4bffe5413a10a634445782981aa581eaf996ccf5118e01a2a73a8,historical_reference_only,yes
utilities/apgen.py,legacy/historical-framework-2015-2016/utilities/apgen.py,b5a92ef7b521d0069d891e1aa6bf415ce185ba8d7c7aea7820a562d68e285aae,historical_reference_only,yes
utilities/arpmitm.py,legacy/historical-framework-2015-2016/utilities/arpmitm.py,d82da195750f311e170e0630d7746feea14c4a7e3260d54e2b7ee441557f5a85,historical_reference_only,yes
utilities/arpwatch.py,legacy/historical-framework-2015-2016/utilities/arpwatch.py,ebb2d46253aa73bbd811ddc7a9ca5339a27d81f77c9f7584f4008ecd79798e77,historical_reference_only,yes
utilities/dev/MAINTENANCE.md,legacy/historical-framework-2015-2016/utilities/dev/MAINTENANCE.md,8b20ff3b55b4bffe5413a10a634445782981aa581eaf996ccf5118e01a2a73a8,historical_reference_only,yes
utilities/dev/build_db.sql,legacy/historical-framework-2015-2016/utilities/dev/build_db.sql,1edc2535672b3ddf4eff72dd83fe5fa4890eeef78c3f10425332e10ee60c091b,historical_reference_only,yes
utilities/dev/package.py,legacy/historical-framework-2015-2016/utilities/dev/package.py,a99b8c9cc27ef8c84dbe11b678f919dff2124d686f9ca47c02b69ccee1069931,historical_reference_only,yes
utilities/dev/webdump,legacy/historical-framework-2015-2016/utilities/dev/webdump,e3b0c44298fc1c149afbf4c8996fb92427ae41e4649b934ca495991b7852b855,historical_reference_only,yes
utilities/dhcpd.conf,legacy/historical-framework-2015-2016/utilities/dhcpd.conf,bb77e4e793cd67157cea73da5715b0b0056a351168e6517b69bda38007195c81,historical_reference_only,yes
utilities/dhcprace.py,legacy/historical-framework-2015-2016/utilities/dhcprace.py,bce7006d2f99a402a54b66eec00bd5c2e3bae18c03ac5f8df2763127ca23e6ad,historical_reference_only,yes
utilities/dhcptools.py,legacy/historical-framework-2015-2016/utilities/dhcptools.py,037777706269fe99395260516204cb21fa5b175abc5b3325c9e7728df3269704,historical_reference_only,yes
utilities/errorhandler.py,legacy/historical-framework-2015-2016/utilities/errorhandler.py,d22cc24ff717ae3c6a222c746d95308922723804eca6c140a1e3b461918243d2,historical_reference_only,yes
utilities/nbtools.py,legacy/historical-framework-2015-2016/utilities/nbtools.py,a7a971309b1b02322dd4167fce5f12a3750716aad5dddbfdecd28389755e4eb6,historical_reference_only,yes
utilities/notification.py,legacy/historical-framework-2015-2016/utilities/notification.py,0123cc9077d3d048517893348234bfb21b5841413a6110ab73e915646ab99d1c,historical_reference_only,yes
utilities/rearp.py,legacy/historical-framework-2015-2016/utilities/rearp.py,b94b618cbd6f70bbe54e9a2a512e9bc5365d535e61e145f42fd9263b7fe45ce4,historical_reference_only,yes
utilities/scan.py,legacy/historical-framework-2015-2016/utilities/scan.py,33557fff7381301b3e7d5b5cafa4814f00a9e97b478ae90ab8c8ab3202d3953f,historical_reference_only,yes
utilities/scanindicator.py,legacy/historical-framework-2015-2016/utilities/scanindicator.py,d0b2b8f83c178fc94691b1af58bb2a0942d62a2aaf188c15cb47436cd50f5f5e,historical_reference_only,yes
utilities/stop.py,legacy/historical-framework-2015-2016/utilities/stop.py,528e4b85f80cedb89d9363f856cfd85696c22f857d288442ca905974295968bc,historical_reference_only,yes
utilities/subfunctions.py,legacy/historical-framework-2015-2016/utilities/subfunctions.py,dca17698c7699287fee96641352ddc80635f71ce1a273bb4647395eeed1e6d7d,historical_reference_only,yes
utilities/subutils.py,legacy/historical-framework-2015-2016/utilities/subutils.py,310fe599ed28e5d5756743b0e06e9290ce7b120a8b15c00310323e4e330a0008,historical_reference_only,yes
utilities/wpadhijack.py,legacy/historical-framework-2015-2016/utilities/wpadhijack.py,010390990cfb1d28b0a5d50dae01122335f8e431dd11623a42464c4efbe39afb,historical_reference_only,yes
versioninfo.py,legacy/historical-framework-2015-2016/versioninfo.py,f7d3b26c760f9cd25e82d9876e755ca65891facdc6f9c08e426e3cc18bdd7308,historical_reference_only,yes
wsgi.py,legacy/historical-framework-2015-2016/wsgi.py,f40cb4867f2a4f0a354bb7ba2100e32a5ea5b6d5388d580fea90caeed345c9e5,historical_reference_only,yes
xsubterfuge,legacy/historical-framework-2015-2016/xsubterfuge,541cdbe60ad23767c35b1174c5f28f670bcb98db9ea34fb6b845017029aadbb8,historical_reference_only,yes
